ell,residuals
2,2.5171262414525247e-14
3,3.788708373101403e-14
4,5.064731572746413e-14
5,6.34195683759941e-14
6,7.617106454600608e-14
7,8.886872164565849e-14
8,1.0147923495795407e-13
9,1.1396916246774005e-13
10,1.26305010969995e-13
11,1.3845332324384425e-13
12,1.5038076607175987e-13
13,1.6205421887865194e-13
14,1.7344086276155044e-13
15,1.8450826967709135e-13
16,1.9522449155101831e-13
17,2.0555814907186612e-13
18,2.1547851992892095e-13
19,2.249556262539967e-13
20,2.33960321025678e-13
21,2.424643731953527e-13
22,2.5044055129493167e-13
23,2.5786270528789567e-13
24,2.6470584642746996e-13
25,2.7094622488862346e-13
26,2.76561404944049e-13
27,2.8153033745866006e-13
28,2.858334294817883e-13
29,2.8945261072184445e-13
30,2.9237139669446217e-13
31,2.945749483416249e-13
32,2.9605012792702566e-13
33,2.9678555102051696e-13
34,2.967716343933547e-13
35,2.960006396549286e-13
36,2.9446671247150203e-13
37,2.921659172174991e-13
38,2.890962669207031e-13
39,2.8525774837416747e-13
40,2.806523422987366e-13
41,2.7528403845284413e-13
42,2.691588455982361e-13
43,2.6228479624341894e-13
44,2.5467194609967184e-13
45,2.463323681981059e-13
46,2.372801416300365e-13
47,2.2753133488677075e-13
48,2.17103983789453e-13
49,2.0601806401369857e-13
50,1.9429545822859027e-13
51,1.8195991788384852e-13
52,1.6903701969399842e-13
53,1.555541168829615e-13
54,1.4154028526684013e-13
55,1.270262642678037e-13
56,1.1204439296597041e-13
57,9.662854131069277e-14
58,8.081403662697533e-14
59,6.463758556622766e-14
60,4.8137191664675283e-14
61,3.135206868577965e-14
62,1.4322549936039856e-14
63,-2.910006243694604e-15
64,-2.030331459731535e-14
65,-3.781426445696903e-14
66,-5.539902439389652e-14
67,-7.301314976887623e-14
68,-9.061169292424284e-14
69,-1.0814931575012763e-13
70,-1.2558040434862276e-13
71,-1.4285918551132573e-13
72,-1.5993984471825644e-13
73,-1.7677664535919856e-13
74,-1.9332404887264264e-13
75,-2.095368354920414e-13
76,-2.2537022528461557e-13
77,-2.407799991643102e-13
78,-2.5572261955751623e-13
79,-2.7015535039812295e-13
80,-2.8403637612749806e-13
81,-2.973249193742681e-13
82,-3.0998135698968327e-13
83,-3.21967334115604e-13
84,-3.3324587596444176e-13
85,-3.4378149699368076e-13
86,-3.5354030716157697e-13
87,-3.624901149556182e-13
88,-3.706005268912947e-13
89,-3.778430431852112e-13
90,-3.8419114931424835e-13
91,-3.8962040318101224e-13
92,-3.9410851761470913e-13
93,-3.9763543794706416e-13
94,-4.0018341441335314e-13
95,-4.017370691403965e-13
96,-4.02283457495883e-13
97,-4.018121235860041e-13
98,-4.0031514970265693e-13
99,-3.9778719953555956e-13
100,-3.9422555497970755e-13
101,-3.8963014638437366e-13
102,-3.840035761058351e-13
103,-3.7735113524289154e-13
104,-3.696808134511694e-13
105,-3.610033017501139e-13
106,-3.513319882541555e-13
107,-3.4068294677825814e-13
108,-3.2907491828626807e-13
109,-3.1652928516967435e-13
110,-3.0307003836316646e-13
111,-2.8872373732277347e-13
112,-2.7351946291147866e-13
113,-2.574887632566425e-13
114,-2.4066559266279196e-13
115,-2.2308624368279245e-13
116,-2.0478927246917262e-13
117,-1.8581541754679763e-13
118,-1.6620751216644642e-13
119,-1.4601039041762144e-13
120,-1.2527078729685888e-13
121,-1.0403723294572091e-13
122,-8.235994128988674e-14
123,-6.029069332776805e-14
124,-3.7882715333230304e-14
125,-1.5190552252911594e-14
126,7.7300634062794e-15
127,3.0822346889526456e-14
128,5.40286003824821e-14
129,7.729035573892352e-14
130,1.0054852039870845e-13
131,1.237435261358196e-13
132,1.4681548026559125e-13
133,1.6970431893098316e-13
134,1.9234996207873935e-13
135,2.1469246972911505e-13
136,2.366721991358181e-13
137,2.582299624274147e-13
138,2.7930718431692574e-13
139,2.998460594627345e-13
140,3.197897090618315e-13
141,3.3908233625472436e-13
142,3.5766937992158457e-13
143,3.7549766645017964e-13
144,3.925155590578453e-13
145,4.086731042536033e-13
146,4.2392217503041516e-13
147,4.3821661038351925e-13
148,4.515123507570493e-13
149,4.637675690293832e-13
150,4.749427966561381e-13
151,4.850010445999366e-13
152,4.939079186871735e-13
153,5.016317290439462e-13
154,5.081435932766125e-13
155,5.134175330764504e-13
156,5.174305639431116e-13
157,5.20162777737499e-13
158,5.215974177917436e-13
159,5.217209463216329e-13
160,5.205231039055559e-13
161,5.179969608132837e-13
162,5.141389599883285e-13
163,5.089489515078492e-13
164,5.024302183662131e-13
165,4.945894934495046e-13
166,4.854369675916443e-13
167,4.749862886248308e-13
168,4.632545513612395e-13
169,4.502622784658668e-13
170,4.360333922050684e-13
171,4.2059517707888793e-13
172,4.039782333701807e-13
173,3.862164216675808e-13
174,3.673467984440549e-13
175,3.4740954279699824e-13
176,3.2644787448038767e-13
177,3.0450796338336984e-13
178,2.816388306336199e-13
179,2.5789224152754836e-13
180,2.3332259051236837e-13
181,2.079867784678937e-13
182,1.8194408255831585e-13
183,1.5525601894554846e-13
184,1.2798619867716813e-13
185,1.0020017708203462e-13
186,7.196529702635018e-14
187,4.3350526401762674e-14
188,1.44262902349336e-14
189,-1.4735702174953824e-14
190,-4.406263466833501e-14
191,-7.348076574944842e-14
192,-1.0291561377149214e-13
193,-1.3229214531819374e-13
194,-1.6153496630637787e-13
195,-1.9056851532303295e-13
196,-2.193172587014735e-13
197,-2.47705886833349e-13
198,-2.7565951120628405e-13
199,-3.0310386165197145e-13
200,-3.2996548328532603e-13
201,-3.5617193261286507e-13
202,-3.816519722870455e-13
203,-4.0633576398396125e-13
204,-4.301550588825524e-13
205,-4.5304338522742163e-13
206,-4.749362324610995e-13
207,-4.957712314175216e-13
208,-5.154883300759495e-13
209,-5.340299643829828e-13
210,-5.513412236601308e-13
211,-5.673700101260331e-13
212,-5.820671920750836e-13
213,-5.953867502677198e-13
214,-6.072859171036511e-13
215,-6.177253081650697e-13
216,-6.266690457351117e-13
217,-6.340848739154067e-13
218,-6.399442649868606e-13
219,-6.442225166784056e-13
220,-6.468988400313142e-13
221,-6.479564375688652e-13
222,-6.473825715060322e-13
223,-6.45168621757928e-13
224,-6.413101335321967e-13
225,-6.358068543161235e-13
226,-6.286627600969679e-13
227,-6.198860706812705e-13
228,-6.09489254007308e-13
229,-5.974890193732496e-13
230,-5.839062995328069e-13
231,-5.68766221639429e-13
232,-5.520980670494608e-13
233,-5.339352200246667e-13
234,-5.143151054038738e-13
235,-4.932791153436567e-13
236,-4.708725252572579e-13
237,-4.471443991106146e-13
238,-4.2214748426349544e-13
239,-3.9593809607247955e-13
240,-3.685759925014653e-13
241,-3.401242390125482e-13
242,-3.1064906403832285e-13
243,-2.80219705362824e-13
244,-2.489082477644933e-13
245,-2.167894523000985e-13
246,-1.8394057763213117e-13
247,-1.5044119382641848e-13
248,-1.1637298906853876e-13
249,-8.181956976898322e-14
250,-4.6866254547478366e-14
251,-1.1599862605482484e-14
252,2.3891502986320193e-14
253,5.951867654214757e-14
254,9.519165499878155e-14
255,1.3081982656471668e-13
256,1.6631220219705147e-13
257,2.0157764931123753e-13
258,2.3652512712011603e-13
259,2.7106392299067055e-13
260,3.051038892017688e-13
261,3.3855567948072393e-13
262,3.7133098469489075e-13
263,4.0334276707270305e-13
264,4.345054923299146e-13
265,4.647353590783194e-13
266,4.939505248988528e-13
267,5.220713284665342e-13
268,5.490205071217802e-13
269,5.747234092918852e-13
270,5.991082011769993e-13
271,6.221060671273297e-13
272,6.436514031518861e-13
273,6.636820030146923e-13
274,6.821392363915769e-13
275,6.989682185784769e-13
276,7.141179712628172e-13
277,7.275415738904023e-13
278,7.391963051828748e-13
279,7.490437743853519e-13
280,7.570500418480712e-13
281,7.631857285733189e-13
282,7.674261143857806e-13
283,7.697512244130721e-13
284,7.701459035930637e-13
285,7.685998789545192e-13
286,7.651078094494667e-13
287,7.59669323147078e-13
288,7.522890416318779e-13
289,7.429765914823223e-13
290,7.31746602739054e-13
291,7.186186943070127e-13
292,7.03617446269274e-13
293,6.867723591252942e-13
294,6.681178000016173e-13
295,6.476929359166492e-13
296,6.255416542171529e-13
297,6.017124703377101e-13
298,5.762584230691477e-13
299,5.49236957555973e-13
300,5.207097962757918e-13
301,4.907427982876767e-13
302,4.594058070677966e-13
303,4.2677248728306747e-13
304,3.9292015088380895e-13
305,3.5792957292712136e-13
306,3.2188479757092696e-13
307,2.8487293470696353e-13
308,2.4698394772812066e-13
309,2.083104329502863e-13
310,1.6894739123429366e-13
311,1.2899199237533687e-13
312,8.854333285002302e-14
313,4.77021875300333e-14
314,6.570755990973191e-15
315,-3.474759593874944e-14
316,-7.614859872891525e-14
317,-1.1752734512417529e-13
318,-1.5877855886113054e-13
319,-1.9979686542996927e-13
320,-2.4047706417683497e-13
321,-2.8071440103684186e-13
322,-3.20404841182899e-13
323,-3.5944534087316437e-13
324,-3.977341177792526e-13
325,-4.3517091907832767e-13
326,-4.716572865956639e-13
327,-5.070968182891939e-13
328,-5.413954253744275e-13
329,-5.744615843975073e-13
330,-6.062065835739889e-13
331,-6.365447627248953e-13
332,-6.653937461546841e-13
333,-6.926746678331908e-13
334,-7.183123882608532e-13
335,-7.42235702416799e-13
336,-7.643775382105124e-13
337,-7.846751448810076e-13
338,-8.03070270812058e-13
339,-8.195093302581517e-13
340,-8.339435585034381e-13
341,-8.463291550049318e-13
342,-8.566274141013315e-13
343,-8.648048429007067e-13
344,-8.708332659923744e-13
345,-8.746899166623924e-13
346,-8.763575143267637e-13
347,-8.75824327931509e-13
348,-8.730842251059229e-13
349,-8.6813670689139e-13
350,-8.609869279066264e-13
351,-8.516457018478494e-13
352,-8.40129492260828e-13
353,-8.264603885610719e-13
354,-8.106660673168419e-13
355,-7.92779738849174e-13
356,-7.728400792419888e-13
357,-7.508911478942208e-13
358,-7.26982290785014e-13
359,-7.011680296607423e-13
360,-6.735079373913764e-13
361,-6.440664997803598e-13
362,-6.129129641494298e-13
363,-5.801211750555334e-13
364,-5.457693975324633e-13
365,-5.099401282836261e-13
366,-4.727198952859453e-13
367,-4.341990462968394e-13
368,-3.9447152678684594e-13
369,-3.5363464785035816e-13
370,-3.1178884467485716e-13
371,-2.690374261756486e-13
372,-2.2548631642847013e-13
373,-1.8124378855567866e-13
374,-1.364201917435941e-13
375,-9.112767208870119e-14
376,-4.547988798864671e-14
377,4.0827918952501477e-16
378,4.6421018417225907e-14
379,9.244188552844998e-14
380,1.3835410219068653e-13
381,1.8404085654358447e-13
382,2.293856047207484e-13
383,2.7427237246507064e-13
384,3.1858605604601325e-13
385,3.622127216866597e-13
386,4.0503990271108244e-13
387,4.4695689362549434e-13
388,4.878550403537596e-13
389,5.276280258555442e-13
390,5.661721503658657e-13
391,6.033866055069808e-13
392,6.391737415386016e-13
393,6.734393270276491e-13
394,7.060928002383927e-13
395,7.370475115632165e-13
396,7.662209563365578e-13
397,7.935349973988367e-13
398,8.1891607680249e-13
399,8.422954160794806e-13
400,8.636092045192626e-13
401,8.82798774935847e-13
402,8.998107664352068e-13
403,9.145972737273618e-13
404,9.27115982561785e-13
405,9.373302909014258e-13
406,9.45209415486567e-13
407,9.507284834784093e-13
408,9.538686089107234e-13
409,9.546169537177488e-13
410,9.529667731467324e-13
411,9.489174454043793e-13
412,9.424744854282077e-13
413,9.336495427153034e-13
414,9.224603831829338e-13
415,9.08930855078031e-13
416,8.930908389947516e-13
417,8.749761821007318e-13
418,8.546286167160846e-13
419,8.320956634291593e-13
420,8.074305189757509e-13
421,7.80691929148305e-13
422,7.519440470418729e-13
423,7.212562769835605e-13
424,6.887031045293089e-13
425,6.543639129512778e-13
426,6.183227866734044e-13
427,5.806683021498949e-13
428,5.414933067143396e-13
429,5.008946859598896e-13
430,4.589731202428376e-13
431,4.158328309308247e-13
432,3.7158131704556817e-13
433,3.263290829761619e-13
434,2.8018935796363517e-13
435,2.3327780808043734e-13
436,1.8571224144937555e-13
437,1.3761230746507922e-13
438,8.909919079892758e-14
439,4.0295300982322065e-14
440,-8.676041623476425e-15
441,-5.769092265212705e-14
442,-1.0662515252451519e-13
443,-1.5535458637489054e-13
444,-2.0375544427342027e-13
445,-2.5170463090533617e-13
446,-2.9908005386809567e-13
447,-3.4576093974947574e-13
448,-3.9162814715555464e-13
449,-4.3656447586361096e-13
450,-4.804549712848052e-13
451,-5.23187223433025e-13
452,-5.646516596093808e-13
453,-6.047418300280848e-13
454,-6.43354685627257e-13
455,-6.80390847327485e-13
456,-7.157548660236731e-13
457,-7.493554726188e-13
458,-7.811058174340024e-13
459,-8.10923698357305e-13
460,-8.387317771216111e-13
461,-8.644577831342709e-13
462,-8.880347043123018e-13
463,-9.094009644115331e-13
464,-9.285005863731662e-13
465,-9.45283341247602e-13
466,-9.597048822933686e-13
467,-9.717268638879014e-13
468,-9.81317044926464e-13
469,-9.88449376426714e-13
470,-9.931040730974432e-13
471,-9.952676686727977e-13
472,-9.949330548556187e-13
473,-9.920995037569137e-13
474,-9.867726737621826e-13
475,-9.78964598798762e-13
476,-9.686936610224511e-13
477,-9.5598454698565e-13
478,-9.40868187392374e-13
479,-9.23381680589592e-13
480,-9.035681999871817e-13
481,-8.814768856410208e-13
482,-8.57162720276282e-13
483,-8.306863900688897e-13
484,-8.021141305434523e-13
485,-7.715175579859826e-13
486,-7.389734868071874e-13
487,-7.045637333308059e-13
488,-6.683749065158034e-13
489,-6.30498186157687e-13
490,-5.910290891460697e-13
491,-5.500672243879476e-13
492,-5.077160370365401e-13
493,-4.640825426930714e-13
494,-4.1927705227667703e-13
495,-3.734128882812129e-13
496,-3.2660609316166166e-13
497,-2.7897513061309264e-13
498,-2.3064058052421045e-13
499,-1.817248284043936e-13
500,-1.323517500977682e-13
501,-8.264639261028244e-14
502,-3.273465188606132e-14
503,1.7257051622406712e-14
504,6.720209874009079e-14
505,1.1697399785750522e-13
506,1.6644671086583653e-13
507,2.1549497788512355e-13
508,2.639946399345543e-13
509,3.118229586996692e-13
510,3.5885893255880767e-13
511,4.0498360804133395e-13
512,4.5008038590253234e-13
513,4.940353210137636e-13
514,5.367374152840384e-13
515,5.780789028468056e-13
516,6.179555267668466e-13
517,6.562668065449028e-13
518,6.929162957217376e-13
519,7.278118289101859e-13
520,7.608657576116414e-13
521,7.919951742033317e-13
522,8.211221235142262e-13
523,8.481738014406786e-13
524,8.73082740086974e-13
525,8.957869789519588e-13
526,9.162302217203898e-13
527,9.343619782552195e-13
528,9.501376914266665e-13
529,9.63518848454655e-13
530,9.744730764811208e-13
531,9.829742221319255e-13
532,9.890024148692376e-13
533,9.925441139793843e-13
534,9.9359213908337e-13
535,9.921456841018171e-13
536,9.882103146493223e-13
537,9.817979488770556e-13
538,9.729268218261627e-13
539,9.616214333984525e-13
540,9.479124800930592e-13
541,9.318367707018483e-13
542,9.134371261971817e-13
543,8.927622640884881e-13
544,8.698666675637375e-13
545,8.448104397728522e-13
546,8.176591436480198e-13
547,7.884836276946612e-13
548,7.573598382226204e-13
549,7.243686185231008e-13
550,6.895954955304867e-13
551,6.531304545410615e-13
552,6.150677025908068e-13
553,5.755054211251294e-13
554,5.345455086194294e-13
555,4.922933138363071e-13
556,4.488573604289351e-13
557,4.0434906362160466e-13
558,3.58882439719559e-13
559,3.125738092172117e-13
560,2.655414942904934e-13
561,2.1790551147269425e-13
562,1.6978726032504557e-13
563,1.2130920892244987e-13
564,7.259457698263764e-14
565,2.3767017471760894e-14
566,-2.504970247756831e-14
567,-7.373202049898504e-14
568,-1.221568969405915e-13
569,-1.7020213099760615e-13
570,-2.1774667420360526e-13
571,-2.646709404634259e-13
572,-3.1085711182076365e-13
573,-3.5618943916593246e-13
574,-4.0055453710406537e-13
575,-4.4384167222043647e-13
576,-4.859430439982735e-13
577,-5.267540576650585e-13
578,-5.661735882658023e-13
579,-6.041042352859358e-13
580,-6.404525671727494e-13
581,-6.751293551318534e-13
582,-7.080497956047971e-13
583,-7.39133720864406e-13
584,-7.68305797197485e-13
585,-7.95495710177366e-13
586,-8.206383365645628e-13
587,-8.436739024094204e-13
588,-8.645481269679452e-13
589,-8.832123520805426e-13
590,-8.99623656701713e-13
591,-9.137449563095319e-13
592,-9.25545086963059e-13
593,-9.349988738178374e-13
594,-9.42087183950423e-13
595,-9.46796963384863e-13
596,-9.491212582557365e-13
597,-9.490592200848568e-13
598,-9.46616095190257e-13
599,-9.418031982881167e-13
600,-9.3463787038998e-13
601,-9.251434211388184e-13
602,-9.133490557682594e-13
603,-8.992897869093904e-13
604,-8.830063315094887e-13
605,-8.645449931651269e-13
606,-8.439575302106075e-13
607,-8.213010099391033e-13
608,-7.966376493696391e-13
609,-7.700346430081072e-13
610,-7.415639780832295e-13
611,-7.113022377706037e-13
612,-6.793303929486657e-13
613,-6.457335830591197e-13
614,-6.106008866718516e-13
615,-5.740250823802174e-13
616,-5.361024006764571e-13
617,-4.96932267479486e-13
618,-4.566170400071554e-13
619,-4.1526173570418986e-13
620,-3.729737549532806e-13
621,-3.298625983111737e-13
622,-2.8603957902456853e-13
623,-2.416175315909684e-13
624,-1.9671051713789726e-13
625,-1.5143352640069497e-13
626,-1.0590218108292853e-13
627,-6.023243438602995e-14
628,-1.454027149449885e-14
629,3.1058589198542347e-14
630,7.644899334544826e-14
631,1.2151664560303437e-13
632,1.6614840153087618e-13
633,2.1023255567268697e-13
634,2.5365912507753915e-13
635,2.96320127531046e-13
636,3.3810985378344816e-13
637,3.7892513307881646e-13
638,4.186655913096556e-13
639,4.57233901142634e-13
640,4.945360234839914e-13
641,5.304814396784036e-13
642,5.649833738606244e-13
643,5.979590049081483e-13
644,6.293296674706954e-13
645,6.590210415843448e-13
646,6.869633304086857e-13
647,7.130914256586104e-13
648,7.373450603361059e-13
649,7.596689484022848e-13
650,7.800129110653248e-13
651,7.983319893965977e-13
652,8.145865430237733e-13
653,8.287423346882839e-13
654,8.407706004912607e-13
655,8.506481056914274e-13
656,8.58357185956689e-13
657,8.638857740095957e-13
658,8.672274116462521e-13
659,8.683812471463241e-13
660,8.67352018130832e-13
661,8.641500199620675e-13
662,8.587910598185006e-13
663,8.51296396614467e-13
664,8.416926669711355e-13
665,8.300117974818674e-13
666,8.162909035499147e-13
667,8.005721751111311e-13
668,7.829027495878958e-13
669,7.633345724527514e-13
670,7.419242458119326e-13
671,7.18732865448731e-13
672,6.938258467958994e-13
673,6.67272740333587e-13
674,6.391470369352066e-13
675,6.095259637090236e-13
676,5.784902709051858e-13
677,5.461240104803646e-13
678,5.125143069314511e-13
679,4.777511210279961e-13
680,4.419270070895144e-13
681,4.0513686446796147e-13
682,3.67477683909252e-13
683,3.2904828947771687e-13
684,2.899490767369212e-13
685,2.502817478874795e-13
686,2.1014904456749024e-13
687,1.6965447902493762e-13
688,1.2890206437262015e-13
689,8.799604463563818e-14
690,4.7040625299971846e-14
691,6.139705065020398e-15
692,-3.4603390501511095e-14
693,-7.508617271670287e-14
694,-1.1520725026375379e-13
695,-1.5486658573229017e-13
696,-1.9396574756249725e-13
697,-2.324081567525124e-13
698,-2.7009932770450684e-13
699,-3.0694710260414103e-13
700,-3.4286187874632754e-13
701,-3.777568282427382e-13
702,-4.115481095677529e-13
703,-4.4415507042456917e-13
704,-4.755004414375562e-13
705,-5.055105202036633e-13
706,-5.341153452631594e-13
707,-5.612488595785685e-13
708,-5.868490631399158e-13
709,-6.108581543453779e-13
710,-6.33222659836896e-13
711,-6.538935525030091e-13
712,-6.728263573930245e-13
713,-6.899812453202452e-13
714,-7.053231139652206e-13
715,-7.188216563238686e-13
716,-7.304514163797812e-13
717,-7.401918319136908e-13
718,-7.480272643981521e-13
719,-7.539470159593848e-13
720,-7.579453334227162e-13
721,-7.600213994917608e-13
722,-7.601793111458218e-13
723,-7.584280453727465e-13
724,-7.547814123876094e-13
725,-7.492579965201372e-13
726,-7.41881084985204e-13
727,-7.326785847816043e-13
728,-7.216829279949947e-13
729,-7.089309658096527e-13
730,-6.944638515623273e-13
731,-6.783269131985244e-13
732,-6.605695155182282e-13
733,-6.412449126226487e-13
734,-6.2041009099762e-13
735,-5.981256036919335e-13
736,-5.744553960699075e-13
737,-5.494666236375097e-13
738,-5.232294624597085e-13
739,-4.958169127035786e-13
740,-4.673045958573899e-13
741,-4.3777054618928997e-13
742,-4.072949970223025e-13
743,-3.759601624121024e-13
744,-3.438500148240023e-13
745,-3.1105005941256614e-13
746,-2.7764710551319763e-13
747,-2.437290359591096e-13
748,-2.093845748400919e-13
749,-1.747030543194178e-13
750,-1.39774181125423e-13
751,-1.0468780333126633e-13
752,-6.953367803234972e-14
753,-3.440124052565244e-14
754,6.206244125196164e-16
755,3.5443808562360455e-14
756,6.998120303230999e-14
757,1.0414691720077286e-13
758,1.378564932753956e-13
759,1.710271159315627e-13
760,2.035778165083801e-13
761,2.354296712572046e-13
762,2.6650599315663337e-13
763,2.967325168271663e-13
764,3.260375761004264e-13
765,3.543522738184792e-13
766,3.8161064346327023e-13
767,4.0774980223854626e-13
768,4.327100952524899e-13
769,4.564352304742915e-13
770,4.788724041642499e-13
771,4.999724165039675e-13
772,5.196897771805657e-13
773,5.379828007068946e-13
774,5.548136912883122e-13
775,5.701486170746811e-13
776,5.839577736663076e-13
777,5.962154367706043e-13
778,6.06900003936209e-13
779,6.15994025320549e-13
780,6.234842234758334e-13
781,6.293615021677287e-13
782,6.336209442698097e-13
783,6.362617988058398e-13
784,6.372874572392587e-13
785,6.367054191383504e-13
786,6.345272473719015e-13
787,6.307685130169436e-13
788,6.254487301871955e-13
789,6.185912810146068e-13
790,6.102233310426357e-13
791,6.00375735312402e-13
792,5.890829354463616e-13
793,5.763828480559031e-13
794,5.623167448198821e-13
795,5.469291246015036e-13
796,5.302675779891857e-13
797,5.123826446646953e-13
798,4.93327664018711e-13
799,4.731586194483801e-13
800,4.5193397678609453e-13
801,4.2971451732079243e-13
802,4.06563165884792e-13
803,3.8254481448899744e-13
804,3.5772614199792597e-13
805,3.321754303432298e-13
806,3.0596237778059004e-13
807,2.7915790969906083e-13
808,2.5183398749505633e-13
809,2.2406341602529323e-13
810,1.9591965015275542e-13
811,1.6747660089943781e-13
812,1.388084417166402e-13
813,1.0998941538019612e-13
814,8.109364201281923e-14
815,5.219492872970772e-14
816,2.336658139522995e-14
817,-5.3187810294018e-15
818,-3.378940907872289e-14
819,-6.197460185742136e-14
820,-8.98048821512812e-14
821,-1.172121671425202e-13
822,-1.4412993431214495e-13
823,-1.704933821273718e-13
824,-1.9623958512897658e-13
825,-2.2130764305070446e-13
826,-2.4563882362136566e-13
827,-2.691766987191843e-13
828,-2.9186727356813026e-13
829,-3.1365910868643605e-13
830,-3.3450343431841396e-13
831,-3.5435425710314414e-13
832,-3.7316845875511187e-13
833,-3.909058865551558e-13
834,-4.075294354729657e-13
835,-4.2300512176579393e-13
836,-4.373021479217368e-13
837,-4.5039295883967667e-13
838,-4.622532891622694e-13
839,-4.728622017018051e-13
840,-4.822021169233488e-13
841,-4.902588334731468e-13
842,-4.97021539764053e-13
843,-5.024828166535595e-13
844,-5.066386312729702e-13
845,-5.094883220895855e-13
846,-5.110345753060442e-13
847,-5.112833927233739e-13
848,-5.102440512156877e-13
849,-5.079290539858975e-13
850,-5.043540737919143e-13
851,-4.995378883528766e-13
852,-4.935023081641034e-13
853,-4.86272096967478e-13
854,-4.778748851421163e-13
855,-4.683410762962815e-13
856,-4.577037473578802e-13
857,-4.459985424753588e-13
858,-4.3326356105527913e-13
859,-4.195392402754975e-13
860,-4.0486823242499437e-13
861,-3.8929527743249187e-13
862,-3.7286707095584546e-13
863,-3.5563212841296395e-13
864,-3.376406453430658e-13
865,-3.1894435449341143e-13
866,-2.995963800325527e-13
867,-2.79651089295346e-13
868,-2.5916394246860265e-13
869,-2.3819134062805193e-13
870,-2.167904725389856e-13
871,-1.9501916063239746e-13
872,-1.729357065677133e-13
873,-1.5059873679090696e-13
874,-1.2806704849346923e-13
875,-1.0539945637360637e-13
876,-8.265464059531238e-14
877,-5.989099633514341e-14
878,-3.716648529867077e-14
879,-1.4538489580530485e-14
880,7.936331767279665e-15
881,3.020218310428595e-14
882,5.2204269164320915e-14
883,7.38889282802053e-14
884,9.520376155167134e-14
885,1.1609775765038002e-13
886,1.3652141297094235e-13
887,1.5642684685056128e-13
888,1.7576791159604727e-13
889,1.9450029707264477e-13
890,2.1258162962518526e-13
891,2.299715651197567e-13
892,2.4663187591059096e-13
893,2.6252653155530104e-13
894,2.776217731192102e-13
895,2.9188618092785465e-13
896,3.0529073564571575e-13
897,3.178088725772732e-13
898,3.294165291058649e-13
899,3.400921852045472e-13
900,3.4981689697185823e-13
901,3.5857432316466336e-13
902,3.6635074471866785e-13
903,3.7313507726610223e-13
904,3.7891887667838816e-13
905,3.8369633767996467e-13
906,3.874642855971874e-13
907,3.902221613242112e-13
908,3.9197199960456156e-13
909,3.9271840074439495e-13
910,3.9246849588938874e-13
911,3.9123190601361116e-13
912,3.890206947834419e-13
913,3.8584931547512393e-13
914,3.8173455213793637e-13
915,3.7669545520924745e-13
916,3.707532718000103e-13
917,3.63931370881763e-13
918,3.562551636175101e-13
919,3.477520190895695e-13
920,3.384511756874621e-13
921,3.2838364842795894e-13
922,3.1758213248774024e-13
923,3.0608090323679607e-13
924,2.9391571306701895e-13
925,2.811236853166237e-13
926,2.6774320559565597e-13
927,2.5381381082236936e-13
928,2.393760762829053e-13
929,2.2447150102969104e-13
930,2.0914239193504823e-13
931,1.9343174671733386e-13
932,1.7738313625670714e-13
933,1.6104058651654468e-13
934,1.4444846038463197e-13
935,1.2765133974563596e-13
936,1.1069390809264078e-13
937,9.362083398150955e-14
938,7.647665562657439e-14
939,5.930566693021174e-14
940,4.215180523279182e-14
941,2.5058541061477685e-14
942,8.068770149247376e-15
943,-8.775292013767482e-15
944,-2.5432212843367083e-14
945,-4.1861442295304555e-14
946,-5.802340923738493e-14
947,-7.387961433738247e-14
948,-8.939271925600032e-14
949,-1.0452663194594852e-13
950,-1.1924658787033334e-13
951,-1.335192269663654e-13
952,-1.4731266619311266e-13
953,-1.6059656751558135e-13
954,-1.7334220119063744e-13
955,-1.8552250423430366e-13
956,-1.9711213396383578e-13
957,-2.0808751652197908e-13
958,-2.1842689030520425e-13
959,-2.2811034423188715e-13
960,-2.3711985080075003e-13
961,-2.4543929390411814e-13
962,-2.530544913750473e-13
963,-2.599532122611235e-13
964,-2.661251888323592e-13
965,-2.7156212334391224e-13
966,-2.762576895885484e-13
967,-2.802075292869676e-13
968,-2.834092433774497e-13
969,-2.858623782790602e-13
970,-2.875684072154335e-13
971,-2.8853070669826443e-13
972,-2.8875452828142927e-13
973,-2.8824696570821877e-13
974,-2.870169175851037e-13
975,-2.8507504572586266e-13
976,-2.824337293201056e-13
977,-2.791070150895898e-13
978,-2.751105636047764e-13
979,-2.704615919424766e-13
980,-2.6517881287331655e-13
981,-2.592823707749531e-13
982,-2.527937744737325e-13
983,-2.4573582722348303e-13
984,-2.3813255403557205e-13
985,-2.300091265792106e-13
986,-2.213917858751147e-13
987,-2.1230776300919333e-13
988,-2.027851980958224e-13
989,-1.9285305772249567e-13
990,-1.8254105110925682e-13
991,-1.7187954521728897e-13
992,-1.6089947904133866e-13
993,-1.496322773203605e-13
994,-1.381097638998121e-13
995,-1.263640749775589e-13
996,-1.1442757246305742e-13
997,-1.0233275767691059e-13
998,-9.011218561442115e-14
999,-7.77983799929892e-14
1000,-6.542374929869552e-14
1001,-5.302050404249102e-14
1002,-4.06205754309395e-14
1003,-2.8255535650514998e-14
1004,-1.595651995789622e-14
1005,-3.754150762098938e-15
1006,8.32153612334466e-15
1007,2.0241162887372747e-14
1008,3.197607862501219e-14
1009,4.3498425583401303e-14
1010,5.4781202604807684e-14
1011,6.579832563023713e-14
1012,7.652468513648694e-14
1013,8.69362003891225e-14
1014,9.700987040358204e-14
1015,1.0672382151646937e-13
1016,1.1605735147930822e-13
1017,1.2499096999714543e-13
1018,1.335064356447331e-13
1019,1.415867891033759e-13
1020,1.492163826720113e-13
1021,1.5638090601632764e-13
1022,1.6306740813040605e-13
1023,1.6926431549539961e-13
1024,1.7496144643034157e-13
1025,1.8015002164012625e-13
1026,1.8482267097589793e-13
1027,1.8897343643288583e-13
1028,1.9259777142052063e-13
1029,1.9569253634909955e-13
1030,1.9825599058663426e-13
1031,2.002877808484986e-13
1032,2.0178892609129788e-13
1033,2.0276179899084093e-13
1034,2.03210104092245e-13
1035,2.031388527281168e-13
1036,2.025543348081845e-13
1037,2.0146408759083535e-13
1038,1.9987686155394404e-13
1039,1.978025834885134e-13
1040,1.9525231694481354e-13
1041,1.9223822016601485e-13
1042,1.8877350164974167e-13
1043,1.8487237348229034e-13
1044,1.805500025947885e-13
1045,1.7582246009415949e-13
1046,1.70706668825261e-13
1047,1.6522034932328202e-13
1048,1.59381964317979e-13
1049,1.5321066195330055e-13
1050,1.4672621788743617e-13
1051,1.3994897643926462e-13
1052,1.3289979094791765e-13
1053,1.255999635121748e-13
1054,1.1807118427605912e-13
1055,1.103354704264125e-13
1056,1.0241510506674609e-13
1057,9.43325761303592e-14
1058,8.61105154933225e-14
1059,7.777163844578866e-14
1060,6.933868367701782e-14
1061,6.083435392636741e-14
1062,5.22812574489288e-14
1063,4.3701850440376906e-14
1064,3.5118380561553116e-14
1065,2.6552831698419883e-14
1066,1.802687008823655e-14
1067,9.56179193761359e-15
1068,1.1784726524769e-15
1069,-7.102682205683982e-15
1070,-1.5261784128919824e-14
1071,-2.3279506935104866e-14
1072,-3.113713000770797e-14
1073,-3.881657941380674e-14
1074,-4.630046681802394e-14
1075,-5.357212611674124e-14
1076,-6.061564772415402e-14
1077,-6.741591044863913e-14
1078,-7.395861090524246e-14
1079,-8.023029041719835e-14
1080,-8.621835936677623e-14
1081,-9.191111896290672e-14
1082,-9.729778040047151e-14
1083,-1.0236848139326888e-13
1084,-1.0711430006995653e-13
1085,-1.1152726622945937e-13
1086,-1.1560036995925772e-13
1087,-1.1932756762718317e-13
1088,-1.2270378526400725e-13
1089,-1.2572491936091954e-13
1090,-1.283878351126073e-13
1091,-1.3069036214302585e-13
1092,-1.3263128775715416e-13
1093,-1.3421034776813856e-13
1094,-1.3542821495505039e-13
1095,-1.3628648521199057e-13
1096,-1.3678766145484167e-13
1097,-1.369351353568809e-13
1098,-1.3673316698952254e-13
1099,-1.361868624489469e-13
1100,-1.3530214955375673e-13
1101,-1.3408575170283556e-13
1102,-1.3254515998632485e-13
1103,-1.3068860364611896e-13
1104,-1.2852501898541913e-13
1105,-1.2606401682970028e-13
1106,-1.2331584864405867e-13
1107,-1.2029137141401177e-13
1108,-1.1700201139885414e-13
1109,-1.1345972686815798e-13
1110,-1.0967696993329768e-13
1111,-1.0566664758688431e-13
1112,-1.0144208206352911e-13
1113,-9.701697063578478e-14
1114,-9.240534495902942e-14
1115,-8.762153007883166e-14
1116,-8.268010321371367e-14
1117,-7.759585242530933e-14
1118,-7.238373528680666e-14
1119,-6.70588376590126e-14
1120,-6.163633268170285e-14
1121,-5.6131440085908066e-14
1122,-5.055938593047587e-14
1123,-4.493536286382311e-14
1124,-3.927449100895414e-14
1125,-3.3591779566929064e-14
1126,-2.7902089230689544e-14
1127,-2.2220095497866697e-14
1128,-1.6560252967473516e-14
1129,-1.093676070173126e-14
1130,-5.3635287302823515e-15
1131,1.45854230049971e-16
1132,5.578151770979358e-15
1133,1.0920509439410338e-14
1134,1.6160482974881885e-14
1135,2.1286065082318076e-14
1136,2.6285710689159297e-14
1137,3.114836064084108e-14
1138,3.586346379316622e-14
1139,4.0420997465229125e-14
1140,4.481148622115266e-14
1141,4.902601895400924e-14
1142,5.305626425007067e-14
1143,5.68944840164746e-14
1144,6.053354536025708e-14
1145,6.396693071148747e-14
1146,6.718874618815658e-14
1147,7.01937282050105e-14
1148,7.297724833336757e-14
1149,7.553531642338592e-14
1150,7.786458200481953e-14
1151,7.996233398661106e-14
1152,8.18264986800062e-14
1153,8.345563617388532e-14
1154,8.484893509516561e-14
1155,8.600620579083599e-14
1156,8.692787197194815e-14
1157,8.761496086348849e-14
1158,8.806909190728487e-14
1159,8.829246406846452e-14
1160,8.828784179886146e-14
1161,8.805853971369273e-14
1162,8.76084060404272e-14
1163,8.694180490120695e-14
1164,8.606359749245589e-14
1165,8.497912222732997e-14
1166,8.369417390849359e-14
1167,8.22149820003596e-14
1168,8.054818807132801e-14
1169,7.870082247777781e-14
1170,7.66802803625491e-14
1171,7.44942970414731e-14
1172,7.215092285203286e-14
1173,6.965849753868478e-14
1174,6.702562424943605e-14
1175,6.426114321833413e-14
1176,6.13741052082144e-14
1177,5.837374478765468e-14
1178,5.526945351544057e-14
1179,5.207075310499593e-14
1180,4.8787268640348966e-14
1181,4.542870191382633e-14
1182,4.2004804954543244e-14
1183,3.8525353815051477e-14
1184,3.500012268194167e-14
1185,3.1438858374322256e-14
1186,2.7851255292124695e-14
1187,2.4246930874098987e-14
1188,2.06354016230596e-14
1189,1.702605975364781e-14
1190,1.3428150515352118e-14
1191,9.850750240933753e-15
1192,6.3027451677603594e-15
1193,2.792811076744717e-15
1194,-6.706062092484127e-16
1195,-4.079309428590059e-15
1196,-7.42536754972746e-15
1197,-1.0701132472744997e-14
1198,-1.3899254733823523e-14
1199,-1.7012698185870626e-14
1200,-2.0034753631739087e-14
1201,-2.2959051389614146e-14
1202,-2.577957277330378e-14
1203,-2.849066047334408e-14
1204,-3.10870278279717e-14
1205,-3.356376697616092e-14
1206,-3.591635588804005e-14
1207,-3.8140664271051505e-14
1208,-4.0232958353290896e-14
1209,-4.21899045484196e-14
1210,-4.4008572009479065e-14
1211,-4.568643408180208e-14
1212,-4.72213686680078e-14
1213,-4.861165752077447e-14
1214,-4.985598448174281e-14
1215,-5.09534326873944e-14
1216,-5.19034807652552e-14
1217,-5.2705998046076404e-14
1218,-5.336123881990116e-14
1219,-5.3869835666080764e-14
1220,-5.4232791889262927e-14
1221,-5.4451473095352095e-14
1222,-5.452759794314553e-14
1223,-5.446322810907263e-14
1224,-5.426075750393679e-14
1225,-5.39229007819994e-14
1226,-5.345268118399445e-14
1227,-5.285341775681001e-14
1228,-5.2128711993575396e-14
1229,-5.1282433938753963e-14
1230,-5.0318707803603914e-14
1231,-4.924189713794073e-14
1232,-4.8056589604625105e-14
1233,-4.676758140354361e-14
1234,-4.5379861392023756e-14
1235,-4.389859494873823e-14
1236,-4.232910762806914e-14
1237,-4.067686865174786e-14
1238,-3.8947474284265523e-14
1239,-3.714663113813551e-14
1240,-3.528013945454247e-14
1241,-3.3353876404270225e-14
1242,-3.137377945300188e-14
1243,-2.9345829834263305e-14
1244,-2.7276036172239807e-14
1245,-2.51704182956844e-14
1246,-2.303499128291808e-14
1247,-2.087574977668484e-14
1248,-1.869865260628328e-14
1249,-1.650960775295877e-14
1250,-1.431445769305062e-14
1251,-1.2118965151818219e-14
1252,-9.928799299248222e-15
1253,-7.749522417434662e-15
1254,-5.5865770673976085e-15
1255,-3.4452737814184123e-15
1256,-1.330779305109964e-15
1257,7.518945883770903e-16
1258,2.7979016915701634e-15
1259,4.802571344747854e-15
1260,6.761417790254076e-15
1261,8.670148884430509e-15
1262,1.052467415443735e-14
1263,1.2321112189282536e-14
1264,1.4055797356263353e-14
1265,1.5725285836043076e-14
1266,1.7326360971467374e-14
1267,1.8856037927220527e-14
1268,2.031156765922447e-14
1269,2.169044019466356e-14
1270,2.2990387225258005e-14
1271,2.4209384018272406e-14
1272,2.5345650651483493e-14
1273,2.63976525800327e-14
1274,2.7364100544780768e-14
1275,2.8243949833359606e-14
1276,2.9036398906693804e-14
1277,2.974088740524616e-14
1278,3.03570935506709e-14
1279,3.088493095992071e-14
1280,3.1324544890157715e-14
1281,3.167630793402523e-14
1282,3.1940815186000476e-14
1283,3.2118878901617306e-14
1284,3.2211522672347676e-14
1285,3.2219975139844035e-14
1286,3.214566327409438e-14
1287,3.1990205240788424e-14
1288,3.1755402883885666e-14
1289,3.144323384995727e-14
1290,3.1055843381400054e-14
1291,3.0595535806037644e-14
1292,3.006476575099944e-14
1293,2.9466129109002385e-14
1294,2.880235378537779e-14
1295,2.807629025428596e-14
1296,2.729090195256639e-14
1297,2.64492555396715e-14
1298,2.555451105194946e-14
1299,2.4609911979392175e-14
1300,2.3618775292663563e-14
1301,2.2584481447879993e-14
1302,2.151046439622698e-14
1303,2.0400201624992182e-14
1304,1.9257204256056762e-14
1305,1.8085007227312805e-14
1306,1.6887159581761648e-14
1307,1.566721488838474e-14
1308,1.4428721818064427e-14
1309,1.3175214897040384e-14
1310,1.1910205459502116e-14
1311,1.0637172820019646e-14
1312,9.359555685560928e-15
1313,8.080743825839625e-15
1314,6.804070019750167e-15
1315,5.532802294550833e-15
1316,4.270136473415969e-15
1317,3.0191890458475453e-15
1318,1.7829903743336067e-15
1319,5.644782494763537e-16
1320,-6.335081953078418e-16
1321,-1.8082341996040453e-15
1322,-2.9570747135807837e-15
1323,-4.0775193497484545e-15
1324,-5.167176942493569e-15
1325,-6.223779710155135e-15
1326,-7.245187015562202e-15
1327,-8.229388722112004e-15
1328,-9.174508143620013e-15
1329,-1.007880458727469e-14
1330,-1.0940675490165438e-14
1331,-1.1758658150915346e-14
1332,-1.2531431059031508e-14
1333,-1.3257814825614491e-14
1334,-1.3936772720076162e-14
1335,-1.456741081850512e-14
1336,-1.5148977770252312e-14
1337,-1.5680864190223506e-14
1338,-1.6162601685249323e-14
1339,-1.6593861523730827e-14
1340,-1.697445295855103e-14
1341,-1.7304321214015753e-14
1342,-1.7583545148276768e-14
1343,-1.7812334603376708e-14
1344,-1.799102745566679e-14
1345,-1.8120086379937247e-14
1346,-1.8200095341116155e-14
1347,-1.823175582789072e-14
1348,-1.8215882843032874e-14
1349,-1.8153400665598294e-14
1350,-1.8045338400515387e-14
1351,-1.789282533136162e-14
1352,-1.769708609237402e-14
1353,-1.7459435675936378e-14
1354,-1.7181274291927198e-14
1355,-1.6864082095420313e-14
1356,-1.650941379927634e-14
1357,-1.6118893188174428e-14
1358,-1.5694207550597233e-14
1359,-1.523710204519577e-14
1360,-1.47493740178393e-14
1361,-1.4232867285488914e-14
1362,-1.3689466402821305e-14
1363,-1.3121090927286422e-14
1364,-1.2529689697994754e-14
1365,-1.1917235143507872e-14
1366,-1.1285717633250433e-14
1367,-1.063713988686763e-14
1368,-9.973511455434884e-15
1369,-9.29684328796951e-15
1370,-8.609142396213522e-15
1371,-7.912406630154609e-15
1372,-7.208619576217053e-15
1373,-6.49974558949749e-15
1374,-5.787724970851999e-15
1375,-5.0744692990428e-15
1376,-4.361856927547007e-15
1377,-3.651728654996366e-15
1378,-2.9458835775916792e-15
1379,-2.246075131176458e-15
1380,-1.554007330000429e-15
1381,-8.713312085459894e-16
1382,-1.996414721072983e-16
1383,4.595266388436202e-16
1384,1.1047002661535938e-15
1385,1.7344716296679342e-15
1386,2.3475004980756743e-15
1387,2.9425164325796266e-15
1388,3.5183208016963095e-15
1389,4.073788566155199e-15
1390,4.607869833494621e-15
1391,5.119591182592786e-15
1392,5.608056758986387e-15
1393,6.0724491424295816e-15
1394,6.512029988738489e-15
1395,6.926140448537642e-15
1396,7.314201366077773e-15
1397,7.675713261823825e-15
1398,8.010256103034511e-15
1399,8.317488867041042e-15
1400,8.597148902404588e-15
1401,8.849051093578576e-15
1402,9.073086835128991e-15
1403,9.269222821957087e-15
1404,9.437499662349942e-15
1405,9.578030321026008e-15
1406,9.690998399668758e-15
1407,9.776656262731708e-15
1408,9.835323016568327e-15
1409,9.867382350182264e-15
1410,9.873280246103956e-15
1411,9.853522570085682e-15
1412,9.808672548467267e-15
1413,9.739348142197122e-15
1414,9.646219326593054e-15
1415,9.53000528601012e-15
1416,9.391471532629788e-15
1417,9.231426958613205e-15
1418,9.050720830855082e-15
1419,8.850239737554701e-15
1420,8.630904495767472e-15
1421,8.393667029022892e-15
1422,8.139507224000548e-15
1423,7.869429775134464e-15
1424,7.584461025873479e-15
1425,7.285645815157648e-15
1426,6.974044337494762e-15
1427,6.65072902481296e-15
1428,6.316781458042767e-15
1429,5.973289316149355e-15
1430,5.621343370074388e-15
1431,5.262034528779341e-15
1432,4.896450944301673e-15
1433,4.525675182425747e-15
1434,4.15078146527808e-15
1435,3.772832991814483e-15
1436,3.3928793418565882e-15
1437,3.0119539689800135e-15
1438,2.6310717872163387e-15
1439,2.251226856176044e-15
1440,1.8733901688381746e-15
1441,1.4985075458908034e-15
1442,1.127497640136498e-15
1443,7.612500541118731e-16
1444,4.006235736926673e-16
1445,4.644452009247974e-17
1446,-3.0049477771182237e-16
1447,-6.394373884617462e-16
1448,-9.696630607011793e-16
1449,-1.2904893805277388e-15
1450,-1.601272804423085e-15
1451,-1.9014095669328902e-15
1452,-2.190336463305612e-15
1453,-2.4675315075422366e-15
1454,-2.7325144666318683e-15
1455,-2.9848472720759e-15
1456,-3.224134310105524e-15
1457,-3.4500225923063117e-15
1458,-3.66220180864764e-15
1459,-3.860404265196052e-15
1460,-4.0444047090565965e-15
1461,-4.214020043341858e-15
1462,-4.369108935207699e-15
1463,-4.509571320224042e-15
1464,-4.635347806562999e-15
1465,-4.746418982687671e-15
1466,-4.84280463240854e-15
1467,-4.924562861350449e-15
1468,-4.9917891390265606e-15
1469,-5.044615260859065e-15
1470,-5.083208234616869e-15
1471,-5.107769095847415e-15
1472,-5.118531656983608e-15
1473,-5.115761194887273e-15
1474,-5.099753081656834e-15
1475,-5.070831363584028e-15
1476,-5.0293472931833765e-15
1477,-4.975677819237992e-15
1478,-4.910224039824007e-15
1479,-4.8334096232649926e-15
1480,-4.745679201957537e-15
1481,-4.6474967439749286e-15
1482,-4.539343907315499e-15
1483,-4.421718381607337e-15
1484,-4.295132222012555e-15
1485,-4.1601101799961445e-15
1486,-4.017188035536902e-15
1487,-3.866910935252816e-15
1488,-3.709831740807793e-15
1489,-3.5465093918427225e-15
1490,-3.377507287546068e-15
1491,-3.203391690840864e-15
1492,-3.0247301590201367e-15
1493,-2.842090004507065e-15
1494,-2.656036789258736e-15
1495,-2.467132856164675e-15
1496,-2.2759359006180067e-15
1497,-2.082997585263642e-15
1498,-1.8888622007410134e-15
1499,-1.6940653750590174e-15
1500,-1.499132834047033e-15
1501,-1.3045792151380394e-15
1502,-1.1109069365445103e-15
1503,-9.186051236929382e-16
1504,-7.281485945868989e-16
1505,-5.399969055722743e-16
1506,-3.5459345878190674e-16
1507,-1.7236467234121872e-16
1508,6.280785778143078e-18
1509,1.8095269956153318e-16
1510,3.5127994190733913e-16
1511,5.169110464197703e-16
1512,6.775147139049161e-16
1513,8.327802536201561e-16
1514,9.824179595021462e-16
1515,1.1261594217709149e-15
1516,1.2637577744764348e-15
1517,1.3949878797149362e-15
1518,1.519646449400808e-15
1519,1.6375521056286697e-15
1520,1.7485453808078681e-15
1521,1.852488658888277e-15
1522,1.9492660591276872e-15
1523,2.038783263979423e-15
1524,2.1209672927923553e-15
1525,2.1957662231289896e-15
1526,2.263148861611194e-15
1527,2.3231043662957405e-15
1528,2.3756418226743684e-15
1529,2.420789775470219e-15
1530,2.4585957184768707e-15
1531,2.4891255447510634e-15
1532,2.5124629595275213e-15
1533,2.5287088582736933e-15
1534,2.537980672343441e-15
1535,2.5404116847241372e-15
1536,2.5361503183965865e-15
1537,2.5253593998473134e-15
1538,2.5082154002836803e-15
1539,2.484907657106328e-15
1540,2.4556375781920218e-15
1541,2.420617831527413e-15
1542,2.380071522721808e-15
1543,2.3342313628988144e-15
1544,2.2833388294416355e-15
1545,2.227643322028731e-15
1546,2.1674013163553485e-15
1547,2.1028755178889814e-15
1548,2.0343340179559456e-15
1549,1.9620494543947635e-15
1550,1.8862981789534145e-15
1551,1.8073594335373765e-15
1552,1.7255145373447564e-15
1553,1.6410460868501092e-15
1554,1.5542371705171357e-15
1555,1.465370600039897e-15
1556,1.3747281598254966e-15
1557,1.2825898763416948e-15
1558,1.189233308864135e-15
1559,1.0949328630621657e-15
1560,9.999591287686149e-16
1561,9.04578243182035e-16
1562,8.09051280651617e-16
1563,7.136336700961667e-16
1564,6.185746410098107e-16
1565,5.241166989054911e-16
1566,4.3049513094946853e-16
1567,3.379375424384422e-16
1568,2.4666342467272934e-16
1569,1.5688375467965898e-16
1570,6.88006271444274e-17
1571,-1.7393081191727742e-17
1572,-1.0151401449945239e-16
1573,-1.8338860812386104e-16
1574,-2.628533261595026e-16
1575,-3.3975486644665805e-16
1576,-4.139503331825886e-16
1577,-4.8530737742723e-16
1578,-5.537043058633068e-16
1579,-6.190301582503815e-16
1580,-6.811847540868735e-16
1581,-7.400787090679689e-16
1582,-7.956334219952257e-16
1583,-8.477810328602404e-16
1584,-8.964643528868984e-16
1585,-9.41636767375391e-16
1586,-9.832621122458118e-16
1587,-1.0213145252309698e-15
1588,-1.055778272715261e-15
1589,-1.0866475532598108e-15
1590,-1.1139262788939801e-15
1591,-1.1376278352894338e-15
1592,-1.1577748219640347e-15
1593,-1.174398773691741e-15
1594,-1.1875398643181524e-15
1595,-1.1972465942017533e-15
1596,-1.2035754625170033e-15
1597,-1.2065906256687297e-15
1598,-1.2063635430749517e-15
1599,-1.2029726115813981e-15
1600,-1.1965027897720167e-15
1601,-1.1870452134378049e-15
1602,-1.1746968034610638e-15
1603,-1.1595598673628667e-15
1604,-1.1417416957503187e-15
1605,-1.1213541548841376e-15
1606,-1.0985132765694703e-15
1607,-1.0733388465516101e-15
1608,-1.0459539925741956e-15
1609,-1.0164847732314695e-15
1610,-9.850597687165694e-16
1611,-9.51809674536994e-16
1612,-9.168668992344547e-16
1613,-8.803651671106871e-16
1614,-8.424391269236134e-16
1615,-8.032239674781116e-16
1616,-7.628550409955346e-16
1617,-7.214674951029281e-16
1618,-6.791959142397089e-16
1619,-6.361739712340217e-16
1620,-5.925340897557468e-16
1621,-5.48407118305531e-16
1622,-5.039220163524667e-16
1623,-4.592055531842826e-16
1624,-4.1438201998593764e-16
1625,-3.69572955613369e-16
1626,-3.2489688648046787e-16
1627,-2.804690809284804e-16
1628,-2.3640131839817555e-16
1629,-1.928016736768294e-16
1630,-1.4977431644386008e-16
1631,-1.0741932629169248e-16
1632,-6.58325233514275e-17
1633,-2.510531460675854e-17
1634,1.4675444065242135e-17
1635,5.3427570132778115e-17
1636,9.107366097594267e-17
1637,1.2754118487242096e-16
1638,1.6276255653392567e-16
1639,1.966751973642145e-16
1640,2.292215806475293e-16
1641,2.6034926191259693e-16
1642,2.9001089475248384e-16
1643,3.181642324132987e-16
1644,3.4477211549662097e-16
1645,3.6980244615058456e-16
1646,3.932281491517219e-16
1647,4.1502712030696046e-16
1648,4.351821626288558e-16
1649,4.536809107600033e-16
1650,4.705157441432193e-16
1651,4.856836894528387e-16
1652,4.991863128194402e-16
1653,5.110296023952531e-16
1654,5.212238418207678e-16
1655,5.297834751641879e-16
1656,5.367269639148951e-16
1657,5.420766366194551e-16
1658,5.458585317545348e-16
1659,5.481022344352828e-16
1660,5.488407075591164e-16
1661,5.481101179866007e-16
1662,5.459496583583128e-16
1663,5.424013651452538e-16
1664,5.375099335248091e-16
1665,5.313225296687215e-16
1666,5.238886010222448e-16
1667,5.152596851443407e-16
1668,5.054892176689006e-16
1669,4.946323399351259e-16
1670,4.827457068227406e-16
1671,4.698872953134546e-16
1672,4.561162142852462e-16
1673,4.414925160296934e-16
1674,4.2607700996598645e-16
1675,4.099310790067371e-16
1676,3.931164990124623e-16
1677,3.7569526175165246e-16
1678,3.577294017636939e-16
1679,3.3928082750054166e-16
1680,3.2041115710226836e-16
1681,3.0118155913955905e-16
1682,2.8165259863407046e-16
1683,2.6188408864552295e-16
1684,2.419349476911314e-16
1685,2.21863063240603e-16
1686,2.0172516150681299e-16
1687,1.8157668372924121e-16
1688,1.6147166912449489e-16
1689,1.4146264465509508e-16
1690,1.2160052174528154e-16
1691,1.0193450005004183e-16
1692,8.25119783612364e-17
1693,6.337847271305135e-17
1694,4.457754172725047e-17
1695,2.6150719217872525e-17
1696,8.137454054332317e-18
1697,-9.42494273822215e-18
1698,-2.6501343681667184e-17
1699,-4.305884341047029e-17
1700,-5.906679017751991e-17
1701,-7.449681039542413e-17
1702,-8.932282632544796e-17
1703,-1.0352106704201098e-16
1704,-1.1707007281630535e-16
1705,-1.2995069307695151e-16
1706,-1.4214607811933516e-16
1707,-1.5364166474818097e-16
1708,-1.6442515604998518e-16
1709,-1.7448649550301089e-16
1710,-1.838178356429882e-16
1711,-1.9241350151198255e-16
1712,-2.0026994912650892e-16
1713,-2.0738571920872872e-16
1714,-2.1376138643117068e-16
1715,-2.193995044315954e-16
1716,-2.243045468594478e-16
1717,-2.284828447197339e-16
1718,-2.319425202833682e-16
1719,-2.346934178356434e-16
1720,-2.367470315361215e-16
1721,-2.381164306641332e-16
1722,-2.38816182524127e-16
1723,-2.3886227328456328e-16
1724,-2.3827202702244555e-16
1725,-2.3706402324362803e-16
1726,-2.352580131460224e-16
1727,-2.3287483488943966e-16
1728,-2.2993632813159854e-16
1729,-2.26465248085078e-16
1730,-2.224851793445531e-16
1731,-2.1802044972788663e-16
1732,-2.130960443680658e-16
1733,-2.0773752028607582e-16
1734,-2.0197092166749442e-16
1735,-1.9582269605762937e-16
1736,-1.8931961168191274e-16
1737,-1.8248867608959655e-16
1738,-1.7535705630998192e-16
1739,-1.679520007011462e-16
1740,-1.603007626616535e-16
1741,-1.5243052636613186e-16
1742,-1.4436833467561085e-16
1743,-1.3614101936356013e-16
1744,-1.2777513378832776e-16
1745,-1.1929688813244986e-16
1746,-1.1073208731895972e-16
1747,-1.0210607170445262e-16
1748,-9.344366063827163e-17
1749,-8.476909896690555e-17
1750,-7.610600655225531e-17
1751,-6.747733086240932e-17
1752,-5.890530268328519e-17
1753,-5.0411394989611994e-17
1754,-4.201628500394876e-17
1755,-3.373981946266233e-17
1756,-2.5600983098583397e-17
1757,-1.761787034062784e-17
1758,-9.807660221869972e-18
1759,-2.186594478801142e-18
1760,5.230041183895902e-18
1761,1.2427932696826381e-17
1762,1.939375013924324e-17
1763,2.6115157211284997e-17
1764,3.258081772132329e-17
1765,3.8780399151440604e-17
1766,4.470457337037122e-17
1767,5.0345014569443494e-17
1768,5.569439450269412e-17
1769,6.074637511756307e-17
1770,6.54955986676218e-17
1771,6.993767540323348e-17
1772,7.40691689401837e-17
1773,7.788757941012592e-17
1774,8.139132449998612e-17
1775,8.457971849044557e-17
1776,8.745294940622492e-17
1777,9.001205439304853e-17
1778,9.225889343796927e-17
1779,9.419612155119374e-17
1780,9.582715952862833e-17
1781,9.715616341494423e-17
1782,9.818799278748467e-17
1783,9.892817798115323e-17
1784,9.938288637422008e-17
1785,9.955888785422082e-17
1786,9.94635195821747e-17
1787,9.910465017206114e-17
1788,9.849064340090837e-17
1789,9.763032156296687e-17
1790,9.653292857932963e-17
1791,9.520809297195829e-17
1792,9.366579080847097e-17
1793,9.191630872117443e-17
1794,8.997020710075643e-17
1795,8.783828356182904e-17
1796,8.553153677399844e-17
1797,8.30611307486077e-17
1798,8.043835966745695e-17
1799,7.767461333595422e-17
1800,7.478134333907679e-17
1801,7.17700299744251e-17
1802,6.86521500323887e-17
1803,6.543914548913467e-17
1804,6.214239317378722e-17
1805,5.877317546667689e-17
1806,5.5342652081109085e-17
1807,5.186183297664641e-17
1808,4.834155244730767e-17
1809,4.4792444423688237e-17
1810,4.122491902346219e-17
1811,3.7649140380284093e-17
1812,3.4075005776744855e-17
1813,3.051212610258713e-17
1814,2.6969807655162785e-17
1815,2.345703529484419e-17
1816,1.9982456963977626e-17
1817,1.6554369573905307e-17
1818,1.3180706260607438e-17
1819,9.86902500574259e-18
1820,6.626498616033186e-18
1821,3.459906050441934e-18
1822,3.756250810469946e-19
1823,-2.6203737297698228e-18
1824,-5.522531756433197e-18
1825,-8.325705765214665e-18
1826,-1.1025170123719211e-17
1827,-1.3616617794093489e-17
1828,-1.6096160141793317e-17
1829,-1.846032559415253e-17
1830,-2.0706057185253783e-17
1831,-2.283070902569159e-17
1832,-2.483204173769854e-17
1833,-2.6708216897902624e-17
1834,-2.8457790531499843e-17
1835,-3.0079705703098257e-17
1836,-3.1573284250673686e-17
1837,-3.293821771019359e-17
1838,-3.417455747934988e-17
1839,-3.528270426961061e-17
1840,-3.626339689636768e-17
1841,-3.7117700457402576e-17
1842,-3.784699395016119e-17
1843,-3.845295737846131e-17
1844,-3.893755839923028e-17
1845,-3.9303038559710295e-17
1846,-3.955189917527282e-17
1847,-3.9686886897540447e-17
1848,-3.971097902196535e-17
1849,-3.962736858332325e-17
1850,-3.943944928678041e-17
1851,-3.9150800321284616e-17
1852,-3.8765171101008944e-17
1853,-3.828646597945357e-17
1854,-3.771872897961905e-17
1855,-3.7066128582333665e-17
1856,-3.633294261347074e-17
1857,-3.552354326930661e-17
1858,-3.4642382317767285e-17
1859,-3.3693976511706415e-17
1860,-3.26828932487239e-17
1861,-3.161373651034387e-17
1862,-3.04911331116165e-17
1863,-2.9319719290451074e-17
1864,-2.8104127664172456e-17
1865,-2.6848974578960697e-17
1866,-2.5558847875985875e-17
1867,-2.423829509618353e-17
1868,-2.289181214374167e-17
1869,-2.1523832426500748e-17
1870,-2.013871648959047e-17
1871,-1.8740742156761738e-17
1872,-1.733409519203742e-17
1873,-1.592286049244834e-17
1874,-1.451101382083806e-17
1875,-1.3102414085918189e-17
1876,-1.1700796175017023e-17
1877,-1.0309764343252398e-17
1878,-8.932786161174677e-18
1879,-7.573187021301908e-18
1880,-6.2341452023883275e-18
1881,-4.918687488721585e-18
1882,-3.62968534027523e-18
1883,-2.3698516081025246e-18
1884,-1.1417377880059552e-18
1885,5.2268195815606336e-20
1886,1.2099436866600744e-18
1887,2.3292324814747066e-18
1888,3.408245519102928e-18
1889,4.445261083502395e-18
1890,5.438724535808781e-18
1891,6.387247590019081e-18
1892,7.28960714792964e-18
1893,8.144743709729345e-18
1894,8.951759377369005e-18
1895,9.709915468450385e-18
1896,1.0418629758953818e-17
1897,1.107747337363923e-17
1898,1.1686167343350268e-17
1899,1.2244578848857427e-17
1900,1.275271717114318e-17
1901,1.3210729368278549e-17
1902,1.3618895699204708e-17
1903,1.3977624814847952e-17
1904,1.4287448737016678e-17
1905,1.4549017645554687e-17
1906,1.4763094494102813e-17
1907,1.493054947474222e-17
1908,1.50523543515722e-17
1909,1.51295766830653e-17
1910,1.516337395275147e-17
1911,1.5154987627450093e-17
1912,1.510573716190678e-17
1913,1.5017013968258624e-17
1914,1.4890275368306418e-17
1915,1.472703854608033e-17
1916,1.4528874517645346e-17
1917,1.4297402134542762e-17
1918,1.4034282136665627e-17
1919,1.3741211269761243e-17
1920,1.341991648208874e-17
1921,1.307214921412241e-17
1922,1.2699679794486793e-17
1923,1.2304291954619277e-17
1924,1.1887777473940855e-17
1925,1.1451930966586994e-17
1926,1.0998544820009598e-17
1927,1.0529404295033371e-17
1928,1.0046282796180306e-17
1929,9.550937320349507e-18
1930,9.045104091164901e-18
1931,8.530494385578597e-18
1932,8.00879055855368e-18
1933,7.481642270924038e-18
1934,6.950662924796e-18
1935,6.417426310129033e-18
1936,5.883463465437338e-18
1937,5.350259754842473e-18
1938,4.81925216304288e-18
1939,4.291826809089176e-18
1940,3.76931667920816e-18
1941,3.252999578306175e-18
1942,2.744096299150741e-18
1943,2.2437690076667466e-18
1944,1.753119842204458e-18
1945,1.2731897241035272e-18
1946,8.049573763612663e-19
1947,3.4933854672130923e-19
1948,-9.281456896931377e-20
1949,-5.207137077160953e-19
1950,-9.33634729655626e-19
1951,-1.3309176230331098e-18
1952,-1.7119663296314883e-18
1953,-2.0762483967209806e-18
1954,-2.4232944619121057e-18
1955,-2.752697577563272e-18
1956,-3.0641123816474385e-18
1957,-3.3572541221996825e-18
1958,-3.6318975426638414e-18
1959,-3.887875635620866e-18
1960,-4.1250782725251034e-18
1961,-4.343450717184567e-18
1962,-4.542992030812872e-18
1963,-4.723753376544886e-18
1964,-4.885836231341888e-18
1965,-5.029390513235386e-18
1966,-5.154612631842079e-18
1967,-5.261743470057613e-18
1968,-5.3510663047831195e-18
1969,-5.4229046744657666e-18
1970,-5.477620201141068e-18
1971,-5.515610374553466e-18
1972,-5.5373063058008444e-18
1973,-5.543170457804292e-18
1974,-5.533694359734988e-18
1975,-5.509396312358937e-18
1976,-5.470819091059988e-18
1977,-5.4185276531005134e-18
1978,-5.353106855457658e-18
1979,-5.2751591893442906e-18
1980,-5.185302537283686e-18
1981,-5.084167958356797e-18
1982,-4.972397506983906e-18
1983,-4.8506420903396534e-18
1984,-4.719559369223947e-18
1985,-4.579811706942061e-18
1986,-4.432064170461165e-18
1987,-4.276982587827921e-18
1988,-4.1152316655484825e-18
1989,-3.947473169338821e-18
1990,-3.774364171369671e-18
1991,-3.596555366839232e-18
1992,-3.4146894624203664e-18
1993,-3.2293996388433205e-18
1994,-3.041308089592084e-18
1995,-2.8510246374122135e-18
1996,-2.6591454300543106e-18
1997,-2.4662517164032158e-18
1998,-2.272908703880484e-18
1999,-2.079664497746301e-18
2000,-1.8870491226733296e-18
2001,-1.695573626720778e-18
2002,-1.5057292675958764e-18
2003,-1.3179867808610446e-18
2004,-1.1327957295208851e-18
2005,-9.505839342110407e-19
2006,-7.717569830047608e-19
2007,-5.966978196592113e-19
2008,-4.257664089366503e-19
2009,-2.592994774601694e-19
2010,-9.761032839813861e-20
2011,5.901127188381553e-20
2012,2.1029913721035674e-19
2013,3.560106371655647e-19
2014,4.959266071080647e-19
2015,6.298511950134855e-19
2016,7.576116476261998e-19
2017,8.790580384962233e-19
2018,9.940629405603765e-19
2019,1.1025210459971165e-18
2020,1.2043487361489394e-18
2021,1.299483604355703e-18
2022,1.3878839345862981e-18
2023,1.4695281387876008e-18
2024,1.5444141558931099e-18
2025,1.612558815447227e-18
2026,1.6739971688068618e-18
2027,1.728781790876369e-18
2028,1.7769820553227585e-18
2029,1.8186833861941516e-18
2030,1.8539864888408452e-18
2031,1.8830065629984803e-18
2032,1.905872500853813e-18
2033,1.9227260728631246e-18
2034,1.9337211040368787e-18
2035,1.9390226433452132e-18
2036,1.9388061288282344e-18
2037,1.933256550925975e-18
2038,1.9225676164638208e-18
2039,1.9069409156475166e-18
2040,1.8865850943365384e-18
2041,1.8617150337747903e-18
2042,1.8325510398648653e-18
2043,1.7993180439758984e-18
2044,1.7622448171763015e-18
2045,1.7215631996835287e-18
2046,1.6775073472181676e-18
2047,1.6303129958476992e-18
2048,1.5802167467984706e-18
2049,1.5274553726102266e-18
2050,1.4722651458987286e-18
2051,1.4148811918880842e-18
2052,1.355536865765275e-18
2053,1.2944631558062286e-18
2054,1.2318881131146543e-18
2055,1.1680363087132762e-18
2056,1.1031283186227656e-18
2057,1.037380237462359e-18
2058,9.710032210080313e-19
2059,9.042030580450189e-19
2060,8.371797717570942e-19
2061,7.70127250802624e-19
2062,7.032329101365759e-19
2063,6.366773815507879e-19
2064,5.70634233820632e-19
2065,5.052697222646771e-19
2066,4.4074256744642675e-19
2067,3.772037626723393e-19
2068,3.1479640986958804e-19
2069,2.536555833591258e-19
2070,1.9390822097621533e-19
2071,1.3567304193020127e-19
2072,7.90604907387112e-20
2073,2.4172706519728763e-20
2074,-2.889648312507354e-20
2075,-8.006154444602537e-20
2076,-1.2924519695208153e-19
2077,-1.7637835077768198e-19
2078,-2.214000229321259e-19
2079,-2.642572333836025e-19
2080,-3.0490488195604174e-19
2081,-3.4330560703873967e-19
2082,-3.794296271276835e-19
2083,-4.132545662321197e-19
2084,-4.447652641917538e-19
2085,-4.7395357295783425e-19
2086,-5.008181398960815e-19
2087,-5.253641791711002e-19
2088,-5.47603232270481e-19
2089,-5.675529187217348e-19
2090,-5.85236678048335e-19
2091,-6.006835040004444e-19
2092,-6.139276720831108e-19
2093,-6.250084613895888e-19
2094,-6.3396987172902035e-19
2095,-6.408603370183782e-19
2096,-6.45732435885638e-19
2097,-6.486426004076272e-19
2098,-6.496508238792761e-19
2099,-6.48820368483904e-19
2100,-6.4621747370430665e-19
2101,-6.419110662838701e-19
2102,-6.359724725149712e-19
2103,-6.284751335983406e-19
2104,-6.194943247832625e-19
2105,-6.091068789628424e-19
2106,-5.9739091536327e-19
2107,-5.844255739286949e-19
2108,-5.702907559671675e-19
2109,-5.550668715850127e-19
2110,-5.388345943995778e-19
2111,-5.216746239827758e-19
2112,-5.036674564494865e-19
2113,-4.8489316356767245e-19
2114,-4.654311807292992e-19
2115,-4.453601040838087e-19
2116,-4.247574970995705e-19
2117,-4.036997067817362e-19
2118,-3.8226168973973173e-19
2119,-3.6051684826237985e-19
2120,-3.3853687652402503e-19
2121,-3.1639161701218144e-19
2122,-2.9414892723387216e-19
2123,-2.718745567266674e-19
2124,-2.496320343697009e-19
2125,-2.2748256596014527e-19
2126,-2.0548494199246976e-19
2127,-1.8369545555033337e-19
2128,-1.621678301949176e-19
2129,-1.4095315770874485e-19
2130,-1.2009984553025248e-19
2131,-9.96535736924028e-20
2132,-7.965726105731012e-20
2133,-6.015104061957575e-20
2134,-4.1172243632385155e-20
2135,-2.2755392293707292e-20
2136,-4.932200714331754e-21
2137,1.2268416124899173e-20
2138,2.8820325732143663e-20
2139,4.4700154096811296e-20
2140,5.988725464237057e-20
2141,7.436367047587868e-20
2142,8.811409027799815e-20
2143,1.0112579818376077e-19
2144,1.1338861800937435e-19
2145,1.2489485218435536e-19
2146,1.3563921575084034e-19
2147,1.4561876579380875e-19
2148,1.5483282666611646e-19
2149,1.6328291137178578e-19
2150,1.709726394694298e-19
2151,1.7790765185479502e-19
2152,1.840955227781186e-19
2153,1.895456694472444e-19
2154,1.9426925956224428e-19
2155,1.982791171209639e-19
2156,2.0158962682810003e-19
2157,2.0421663743263489e-19
2158,2.0617736431005013e-19
2159,2.074902915969456e-19
2160,2.0817507417583292e-19
2161,2.0825243979811542e-19
2162,2.0774409162230468e-19
2163,2.0667261143387765e-19
2164,2.050613638014438e-19
2165,2.0293440141240112e-19
2166,2.0031637181902308e-19
2167,1.9723242581377743e-19
2168,1.9370812764008716e-19
2169,1.8976936723209713e-19
2170,1.8544227466432975e-19
2171,1.8075313697913384e-19
2172,1.7572831754706419e-19
2173,1.703941781023408e-19
2174,1.6477700358285037e-19
2175,1.5890292989124435e-19
2176,1.5279787468111506e-19
2177,1.464874712597795e-19
2178,1.3999700568671718e-19
2179,1.333513571348474e-19
2180,1.2657494156967868e-19
2181,1.1969165878995465e-19
2182,1.1272484286198253e-19
2183,1.0569721596886674e-19
2184,9.86308456851335e-20
2185,9.15471056769378e-20
2186,8.446663981806121e-20
2187,7.740932970233794e-20
2188,7.039426552390992e-20
2189,6.343972028806653e-20
2190,5.656312730690108e-20
2191,4.978106092628799e-20
2192,4.310922042304539e-20
2193,3.656241700427318e-20
2194,3.0154563834151354e-20
2195,2.3898669007455723e-20
2196,1.780683138332928e-20
2197,1.1890239187677965e-20
2198,6.159171287814281e-21
2199,6.230010386056401e-22
2200,-4.709797404362713e-21
2201,-9.831640412562437e-21
2202,-1.4735823964152643e-20
2203,-1.9416510588883497e-20
2204,-2.386871429380711e-20
2205,-2.808828358705403e-20
2206,-3.207188271816008e-20
2207,-3.5816971254389726e-20
2208,-3.932178211293666e-20
2209,-4.2585298169116394e-20
2210,-4.560722756035302e-20
2211,-4.8387977805264533e-20
2212,-5.0928628856242095e-20
2213,-5.3230905202712245e-20
2214,-5.529714714076727e-20
2215,-5.713028132306012e-20
2216,-5.873379070079578e-20
2217,-6.011168396735813e-20
2218,-6.126846461051706e-20
2219,-6.220909967746549e-20
2220,-6.293898835386551e-20
2221,-6.346393045500284e-20
2222,-6.379009492376356e-20
2223,-6.392398842666089e-20
2224,-6.387242413552759e-20
2225,-6.36424907787039e-20
2226,-6.324152204169924e-20
2227,-6.267706639335038e-20
2228,-6.195685740943585e-20
2229,-6.108878466164232e-20
2230,-6.008086523558609e-20
2231,-5.89412159374445e-20
2232,-5.767802624450564e-20
2233,-5.629953205077117e-20
2234,-5.481399025450173e-20
2235,-5.322965423041213e-20
2236,-5.15547502250718e-20
2237,-4.979745470990614e-20
2238,-4.796587272216602e-20
2239,-4.606801722017288e-20
2240,-4.411178947523878e-20
2241,-4.210496051877493e-20
2242,-4.0055153659334437e-20
2243,-3.796982808066878e-20
2244,-3.585626352827053e-20
2245,-3.3721546088432986e-20
2246,-3.1572555060516943e-20
2247,-2.9415950919850803e-20
2248,-2.725816436562641e-20
2249,-2.5105386445165564e-20
2250,-2.296355974310328e-20
2251,-2.0838370621343828e-20
2252,-1.873524249308318e-20
2253,-1.665933011179426e-20
2254,-1.4615514853806384e-20
2255,-1.2608400970977896e-20
2256,-1.0642312788033622e-20
2257,-8.721292817268964e-21
2258,-6.849100761695492e-21
2259,-5.029213376151352e-21
2260,-3.26482515453701e-21
2261,-1.5588498101073488e-21
2262,8.607748535127446e-23
2263,1.6675971385575433e-21
2264,3.1836214839019343e-21
2265,4.632330481330215e-21
2266,6.012166800067911e-21
2267,7.321830325709795e-21
2268,8.560272128493107e-21
2269,9.726687930724607e-21
2270,1.082051111137315e-20
2271,1.1841405285773221e-20
2272,1.2789256498192298e-20
2273,1.3664165064737142e-20
2274,1.44664371036913e-20
2275,1.5196575789876083e-20
2276,1.5855272369076507e-20
2277,1.644339696790842e-20
2278,1.696198923376046e-20
2279,1.7412248838642856e-20
2280,1.7795525879891912e-20
2281,1.8113311209732165e-20
2282,1.8367226724690228e-20
2283,1.8559015644810832e-20
2284,1.8690532811499313e-20
2285,1.8763735031692334e-20
2286,1.8780671494827613e-20
2287,1.8743474287922825e-20
2288,1.8654349032754232e-20
2289,1.8515565667915315e-20
2290,1.8329449397194482e-20
2291,1.8098371824437872e-20
2292,1.7824742293721303e-20
2293,1.7510999452343068e-20
2294,1.715960305283369e-20
2295,1.677302600883328e-20
2296,1.6353746718394884e-20
2297,1.5904241666949192e-20
2298,1.5426978320884215e-20
2299,1.492440832141035e-20
2300,1.4398960987132958e-20
2301,1.3853037132512313e-20
2302,1.3289003208194202e-20
2303,1.2709185768005019e-20
2304,1.2115866266271577e-20
2305,1.1511276187990146e-20
2306,1.0897592513315938e-20
2307,1.0276933516777482e-20
2308,9.651354900628871e-21
2309,9.022846260793152e-21
2310,8.393327882912048e-21
2311,7.764647865156259e-21
2312,7.138579563601887e-21
2313,6.516819355193467e-21
2314,5.900984712566099e-21
2315,5.292612584301004e-21
2316,4.693158073531698e-21
2317,4.103993407211324e-21
2318,3.526407187794111e-21
2319,2.9616039185583584e-21
2320,2.410703793340525e-21
2321,1.8747427410188217e-21
2322,1.354672714706229e-21
2323,8.513622152800779e-22
2324,3.655970385875939e-22
2325,-1.0191876459088446e-22
2326,-5.50561726930164e-22
2327,-9.79787612588383e-22
2328,-1.3891298862797137e-21
2329,-1.7781980148810033e-21
2330,-2.146675613119268e-21
2331,-2.494318444888108e-21
2332,-2.8209522917250308e-21
2333,-3.1264706999251423e-21
2334,-3.410832617675188e-21
2335,-3.674059933479156e-21
2336,-3.916234926989798e-21
2337,-4.137497643197282e-21
2338,-4.338043200715508e-21
2339,-4.518119044686579e-21
2340,-4.678022154576522e-21
2341,-4.818096216865062e-21
2342,-4.938728772344709e-21
2343,-5.040348347440978e-21
2344,-5.1234215786420185e-21
2345,-5.188450338789946e-21
2346,-5.235968873637764e-21
2347,-5.266540956715231e-21
2348,-5.280757070176111e-21
2349,-5.279231618920761e-21
2350,-5.262600184903356e-21
2351,-5.231516828139055e-21
2352,-5.186651440535285e-21
2353,-5.1286871582697625e-21
2354,-5.058317838039755e-21
2355,-4.976245602108651e-21
2356,-4.883178456674605e-21
2357,-4.779827987691611e-21
2358,-4.666907137879887e-21
2359,-4.5451280682733144e-21
2360,-4.415200107266889e-21
2361,-4.2778277897527136e-21
2362,-4.133708988559563e-21
2363,-3.983533140052168e-21
2364,-3.827979565390431e-21
2365,-3.667715888605286e-21
2366,-3.5033965523163635e-21
2367,-3.3356614315902325e-21
2368,-3.1651345461286313e-21
2369,-2.992422870675323e-21
2370,-2.818115243242039e-21
2371,-2.642781370479871e-21
2372,-2.4669709292587592e-21
2373,-2.29121276327092e-21
2374,-2.1160141732349497e-21
2375,-1.9418602990597614e-21
2376,-1.7692135921150323e-21
2377,-1.5985133755636417e-21
2378,-1.4301754905289552e-21
2379,-1.2645920257044674e-21
2380,-1.1021311278585701e-21
2381,-9.431368905509975e-22
2382,-7.879293182483219e-22
2383,-6.368043629168148e-22
2384,-4.900340300701209e-22
2385,-3.478665511637242e-22
2386,-2.1052661915529571e-22
2387,-7.821568398962833e-23
2388,4.888769528306186e-23
2389,1.706274450821748e-22
2390,2.8686952191781332e-22
2391,3.975014104242507e-22
2392,5.024315781766374e-22
2393,6.015888906541028e-22
2394,6.949219896970953e-22
2395,7.82398638779457e-22
2396,8.640050383825062e-22
2397,9.397451147138886e-22
2398,1.0096397849632814e-21
2399,1.07372620222839e-21
2400,1.132056983178473e-21
2401,1.1846994214503394e-21
2402,1.2317346896933207e-21
2403,1.2732570330963398e-21
2404,1.309372957139378e-21
2405,1.3402004122196655e-21
2406,1.365867977703702e-21
2407,1.3865140478553035e-21
2408,1.4022860219838655e-21
2409,1.413339501050463e-21
2410,1.4198374928589516e-21
2411,1.421949627846062e-21
2412,1.4198513873727555e-21
2413,1.4137233463028727e-21
2414,1.4037504315404958e-21
2415,1.3901211980812365e-21
2416,1.3730271240174905e-21
2417,1.3526619258211592e-21
2418,1.3292208951144047e-21
2419,1.3029002580234017e-21
2420,1.2738965580992374e-21
2421,1.242406063678621e-21
2422,1.2086242004482517e-21
2423,1.1727450098701885e-21
2424,1.134960634021109e-21
2425,1.0954608272966049e-21
2426,1.0544324953324077e-21
2427,1.0120592613990278e-21
2428,9.685210604330437e-22
2429,9.2399376077831e-22
2430,8.78648813625529e-22
2431,8.326529300544422e-22
2432,7.861677855053816e-22
2433,7.393497514309158e-22
2434,6.923496538075154e-22
2435,6.4531255811932845e-22
2436,5.983775803632333e-22
2437,5.516777235638912e-22
2438,5.053397392332523e-22
2439,4.594840131561205e-22
2440,4.1422447483665933e-22
2441,3.6966852989693864e-22
2442,3.259170146786854e-22
2443,2.83064172263891e-22
2444,2.4119764909794586e-22
2445,2.003985113706246e-22
2446,1.607412802860623e-22
2447,1.222939853319667e-22
2448,8.51182346407964e-23
2449,4.9269301522262735e-23
2450,1.4796226235570826e-23
2451,-1.825806793688915e-23
2452,-4.985664525729969e-23
2453,-7.996841568520796e-23
2454,-1.085679815570716e-22
2455,-1.3563547373024563e-22
2456,-1.6115637812088798e-22
2457,-1.8512135355634254e-22
2458,-2.0752604185017147e-22
2459,-2.2837087099319186e-22
2460,-2.4766085233821085e-22
2461,-2.654053726367019e-22
2462,-2.8161798176635723e-22
2463,-2.9631617696565948e-22
2464,-3.0952118436849196e-22
2465,-3.2125773860680665e-22
2466,-3.31553861222947e-22
2467,-3.40440638605899e-22
2468,-3.479520001374143e-22
2469,-3.54124497204477e-22
2470,-3.589970837045164e-22
2471,-3.6261089863916457e-22
2472,-3.6500905136088606e-22
2473,-3.662364100054086e-22
2474,-3.663393936106186e-22
2475,-3.653657683908189e-22
2476,-3.633644486026684e-22
2477,-3.6038530240717647e-22
2478,-3.5647896309998045e-22
2479,-3.51696646050278e-22
2480,-3.460899716572133e-22
2481,-3.397107946014601e-22
2482,-3.3261103963885166e-22
2483,-3.248425441529479e-22
2484,-3.164569076537874e-22
2485,-3.0750534838111213e-22
2486,-2.9803856714242074e-22
2487,-2.8810661848856753e-22
2488,-2.7775878930342775e-22
2489,-2.6704348485816034e-22
2490,-2.5600812235626678e-22
2491,-2.4469903197151354e-22
2492,-2.331613653584056e-22
2493,-2.214390115928374e-22
2494,-2.095745204801601e-22
2495,-1.9760903314798868e-22
2496,-1.85582219822833e-22
2497,-1.735322246719095e-22
2498,-1.614956175753788e-22
2499,-1.4950735267881663e-22
2500,-1.3760073356168142e-22
